,Links
0,https://www.youtube.com/c/OpeninApp
1,https://www.youtube.com/hashtag/openinapp
2,https://www.youtube.com/watch?v=-GvsoRszRt4
3,https://www.youtube.com/watch?v=Njo_GPYbTvY
4,https://www.youtube.com/watch?v=zEd9C0eRwzY
5,https://www.youtube.com/post/UgkxkNMzcb3UCWm4sfl1TtmpUE9eRv_qGnSj
6,https://www.youtube.com/watch?v=dd02GPhhNhQ
7,https://www.youtube.com/watch?v=7zG7jspETQQ
8,https://www.youtube.com/watch?v=37LWv9yHcis
9,https://www.youtube.com/watch?v=Xw869OeSXgA
10,https://www.youtube.com/watch?v=t9NRJEnjxqw
11,https://www.youtube.com/watch?v=fh9POV4ff3Q
12,https://www.youtube.com/watch?v=tr5tmXA4QYc
13,https://www.youtube.com/watch?v=kJ5HUswFIew
14,https://www.youtube.com/watch?v=cRcertZJGMM
15,https://www.youtube.com/c/TheCrazySk/community
16,https://www.youtube.com/watch?v=VL8a9pvAjYE
17,https://www.youtube.com/watch?v=dKcPPzP2hkg
18,https://www.youtube.com/watch?v=p3UMP38qXaU
19,https://www.youtube.com/watch?v=IKR81T-oQv0
20,https://www.youtube.com/watch?v=NnXn2HeDwo4
21,https://www.youtube.com/watch?v=z71OkPJ0NVo
22,https://www.youtube.com/watch?v=M5PZZq92Htw
23,https://www.youtube.com/watch?v=ZhbzDcP6Bfg
24,https://www.youtube.com/watch?v=nqx2-vA3H-o
25,https://www.youtube.com/watch?v=R_rx1eeOPlg
26,https://www.youtube.com/watch?v=Jh4AHDckYgM
27,https://www.youtube.com/watch?v=JIe70gSLsOU
28,https://www.youtube.com/watch?v=x5xqxOTBkEQ
29,https://www.youtube.com/watch?v=XM7EBaAT5BI
30,https://www.youtube.com/watch?v=4MbFU2DeLDw
31,https://www.youtube.com/watch?v=q9ozeMNc9M0
32,https://www.youtube.com/watch?v=UJQ3J6zU_gs
33,https://www.youtube.com/watch?v=0Vf-76Qc3Qs
34,https://www.youtube.com/watch?v=Ge8wWwOR8RY
35,https://www.youtube.com/watch?v=AwfNPqTVxeA
36,https://www.youtube.com/watch?v=fhoEX4cDxgM
37,https://www.youtube.com/watch?v=DoQKKodnQUs
38,https://www.youtube.com/watch?v=rL-v04cxJ9k
39,https://www.youtube.com/watch?v=O_ERc6YeZ1Y
40,https://www.youtube.com/watch?v=Yoe1_WCIEec
41,https://www.youtube.com/watch?v=WbwSlQFawpc
42,https://www.youtube.com/watch?v=FNey5HPrt1M
43,https://www.youtube.com/watch?v=vBeaIk5LREM
44,https://www.youtube.com/watch?v=72ZN6GzTubM
45,https://www.youtube.com/watch?v=6hryAxf4A7s
46,https://www.youtube.com/watch?v=0n4ys5jP7Jc
47,https://www.youtube.com/watch?v=kIdoBDirw5c
48,https://www.youtube.com/watch?v=Y5XrvV4a-bY
49,https://www.youtube.com/watch?v=RyhJcWHziig
50,https://www.youtube.com/watch?v=onfzIzlFUqE
51,https://www.youtube.com/watch?v=syWSBsrtmkA
52,https://www.youtube.com/watch?v=7lWHvJ7i01g
53,https://www.youtube.com/watch?v=SoLlP0Kunu4
54,https://www.youtube.com/watch?v=tTaoJ2JfhoQ
55,https://www.youtube.com/watch?v=1dc4x7pQQJQ
56,https://www.youtube.com/watch?v=-0wTBACV9Ks
57,https://www.youtube.com/watch?v=-RNpDUaI8-Y
58,https://www.youtube.com/watch?v=9zAE4vYlaSw
59,https://www.youtube.com/watch?v=_vIwnQ0hmcU
60,https://www.youtube.com/watch?v=IWq57go5PFA
61,https://www.youtube.com/watch?v=pMHlxhVlhlg
62,https://www.youtube.com/watch?v=3l0F7I4fNbg
63,https://www.youtube.com/watch?v=B20_rE3_8nk
64,https://www.youtube.com/watch?v=21dSoaKzvtc
65,https://www.youtube.com/watch?v=WqaJHusbW4s
66,https://www.youtube.com/watch?v=UNc06Z4-skQ
67,https://www.youtube.com/watch?v=-roak9DA110
68,https://www.youtube.com/watch?v=rrfKkcSLRXw
69,https://www.youtube.com/watch?v=vDtPHIroccg
70,https://www.youtube.com/watch?v=EytM2bUzu5Q
71,https://www.youtube.com/watch?v=rylPZ0vYkL8
72,https://www.youtube.com/watch?v=0oG4v-ZM-5s
73,https://www.youtube.com/channel/UCT2xzagsBVtStUCA2ulvKmQ/community?lc=UgzpXE3jKdldQ_bhIC54AaABAg&lb=UgkxuuJyjG7qVX8jYgH-kbvM_OOzlSHyAGx2
74,https://www.youtube.com/watch?v=b_Hh0UQARoM
75,https://www.youtube.com/watch?v=4_GWDIEV-xk
76,https://www.youtube.com/watch?v=v3kE9zbuF6I
77,https://www.youtube.com/watch?v=G7QoMgd8USY
78,https://www.youtube.com/watch?v=UC6JFebcDAI
79,https://www.youtube.com/watch?v=UC6JFebcDAI&t=79
80,https://www.youtube.com/watch?v=UC6JFebcDAI&t=152
81,https://www.youtube.com/watch?v=UC6JFebcDAI&t=160
82,https://www.youtube.com/watch?v=UC6JFebcDAI&t=174
83,https://www.youtube.com/watch?v=UC6JFebcDAI&t=210
84,https://www.youtube.com/watch?v=UC6JFebcDAI&t=216
85,https://www.youtube.com/watch?v=UC6JFebcDAI&t=228
86,https://www.youtube.com/watch?v=UC6JFebcDAI&t=264
87,https://www.youtube.com/watch?v=4BW8AKAeOxE
88,https://www.youtube.com/watch?v=VslqdBiDaH4
89,https://www.youtube.com/watch?v=9WbHXO3gcfA
90,https://www.youtube.com/watch?v=fWKazhRmhSQ
91,https://www.youtube.com/watch?v=jJ6nxc7BgOU
92,https://www.youtube.com/c/SavvyFernweh/community
93,https://www.youtube.com/watch?v=63iMcF0vQtY
94,https://www.youtube.com/watch?v=7uEay1WdSSc
95,https://www.youtube.com/watch?v=1PgeSzPnZ0g
96,https://www.youtube.com/watch?v=AazVsNiE_7o
97,https://www.youtube.com/watch?v=vOo-VyPIiW0
98,https://www.youtube.com/watch?v=HPZBkyTMpAM
99,https://www.youtube.com/watch?v=elCuolQ-BPk
100,https://www.youtube.com/watch?v=c1LCHUxLLSw
101,https://www.youtube.com/watch?v=cSwMBPFQzZ8
102,https://www.youtube.com/watch?v=FrAZs39GgKc
103,https://www.youtube.com/watch?v=fQrNsIiNeTw
104,https://www.youtube.com/watch?v=SbcwlVEL8Es
105,https://www.youtube.com/watch?v=wlbupzFpvEY
106,https://www.youtube.com/watch?v=XjIJbjMAa8M
107,https://www.youtube.com/watch?v=cwpZBgQgugk
108,https://www.youtube.com/watch?v=GcFSTGsXxkE
109,https://www.youtube.com/watch?v=aKFYFl14wJk
110,https://www.youtube.com/watch?v=aEP-EqlOO98
111,https://www.youtube.com/watch?v=k7fNwaBSTM0
112,https://www.youtube.com/watch?v=x0tZ5y_kFiQ
113,https://www.youtube.com/watch?v=x8Pf8TxyLs4
114,https://www.youtube.com/watch?v=8oGg1xEsv8A
115,https://www.youtube.com/watch?v=tSxX3XC3Gcc
116,https://www.youtube.com/watch?v=qw11zwL53_w
117,https://www.youtube.com/watch?v=d97-kQJIwr4
118,https://www.youtube.com/watch?v=ho24ZFU4U7c
119,https://www.youtube.com/watch?v=-C79-g0HxVE
120,https://www.youtube.com/watch?v=cfV5XMtxao4
121,https://www.youtube.com/watch?v=4MegZm_urLY
122,https://www.youtube.com/watch?v=hAHMfUgd_Dg
123,https://www.youtube.com/watch?v=R-jrv5qGsaY
124,https://www.youtube.com/watch?v=1Y4yGxF5ge0
125,https://www.youtube.com/c/TradingwithGroww
126,https://www.youtube.com/watch?v=NkKbKlN9Jfo
127,https://www.youtube.com/watch?v=Q84PteAKy8M
128,https://www.youtube.com/watch?v=mOazkz-aUEw
129,https://www.youtube.com/c/MoneyPurse
130,https://www.youtube.com/watch?v=8Akm7vukD9Y
131,https://www.youtube.com/watch?v=SOPAkWLoIDU
132,https://www.youtube.com/watch?v=6aEzQdmvbKw
133,https://www.youtube.com/watch?v=MR22MpK-5LI
134,https://www.youtube.com/watch?v=nw2OFvZU-Vg
135,https://www.youtube.com/watch?v=3f--RtjEvuE
136,https://www.youtube.com/watch?v=3JC2P93cy0U
137,https://www.youtube.com/watch?v=Nlr-tidmtZM
138,https://www.youtube.com/@OpeninApp
139,https://www.youtube.com/watch?v=bgcZase4pcM
140,https://www.youtube.com/watch?v=zhFh2az7uLE
141,https://www.youtube.com/watch?v=ySq5uPVrXyo
142,https://www.youtube.com/watch?v=Sr4OiuoLh6k
143,https://www.youtube.com/watch?v=Q6u432rL2Ow
144,https://www.youtube.com/watch?v=szphgs_hJ9E
145,https://www.youtube.com/watch?v=L-ZXA4p66xo
146,https://www.youtube.com/watch?v=0PKY4bESBuc
147,https://www.youtube.com/watch?v=PJ2_4me-P5g
148,https://www.youtube.com/watch?v=xnFQG-IEUVQ
149,https://www.youtube.com/watch?v=UQPYvXWuZos
150,https://www.youtube.com/watch?v=fF5-S0GD420
151,https://www.youtube.com/watch?v=bfLV_zWGmUw
152,https://www.youtube.com/watch?v=Wc95XgL6V3k
153,https://www.youtube.com/watch?v=owPcR2sBrAI
154,https://www.youtube.com/watch?v=TVGhp6KxnAQ
155,https://www.youtube.com/watch?v=-R3Lixx4chg
156,https://www.youtube.com/watch?v=1RAfOX8e76A
157,https://www.youtube.com/watch?v=kLE15UdfZqc
158,https://www.youtube.com/watch?v=Akt_kT_7QmQ
159,https://www.youtube.com/watch?v=h2ElQ70yctQ
160,https://www.youtube.com/watch?v=hjWVsUcBQ8Y
161,https://www.youtube.com/watch?v=kcRAYC44bwY
162,https://www.youtube.com/watch?v=S9P9nXi5720
163,https://www.youtube.com/watch?v=LsV3FntqZJo
164,https://www.youtube.com/watch?v=fIfE-by5RYM
165,https://www.youtube.com/watch?v=3iw3biXOQrI
166,https://www.youtube.com/watch?v=6pYIj6zyCFI
167,https://www.youtube.com/watch?v=BQCX_5uXJqY
168,https://www.youtube.com/watch?v=G4mLqrXvuDY
169,https://www.youtube.com/watch?v=L9Xsyx4d2vI
170,https://www.youtube.com/watch?v=N6ZXN55UrL8
171,https://www.youtube.com/watch?v=dfRmW449dhU
172,https://www.youtube.com/watch?v=-22zlAIpXrI
173,https://www.youtube.com/watch?v=_br4YqBwtQo
174,https://www.youtube.com/watch?v=n45aQMBwj8c
175,https://www.youtube.com/watch?v=E2lNwDgu0CM
176,https://www.youtube.com/watch?v=uQmf0Sbiu1c
177,https://www.youtube.com/watch?v=Dg54XabhMhw
178,https://www.youtube.com/watch?v=jyzlvPbFV0M
179,https://www.youtube.com/watch?v=NKAo45OU3zU
180,https://www.youtube.com/watch?v=qgqqIaFrWY4
181,https://www.youtube.com/watch?v=l9YnUv_Sfhs
182,https://www.youtube.com/watch?v=ztp1-a1tjgA
183,https://www.youtube.com/watch?v=fvafzHvsXNk
184,https://www.youtube.com/watch?v=hoPhQ9qnygU
185,https://www.youtube.com/watch?v=p7nJBEaycPs
186,https://www.youtube.com/watch?v=GN9I0G899Yk
187,https://www.youtube.com/watch?v=_T0-wknh6nE
188,https://www.youtube.com/watch?v=FkPNJq_kkig
189,https://www.youtube.com/watch?v=SKQBw3UNfZY
190,https://www.youtube.com/watch?v=DHDoque_g3E
191,https://www.youtube.com/watch?v=kEqDKC-mu1c
192,https://www.youtube.com/watch?v=1RGevEwpkj0
193,https://www.youtube.com/watch?v=_lmNv5CgE9g
194,https://www.youtube.com/watch?v=CXdcofzV1c0
195,https://www.youtube.com/watch?v=gzkLDoYcxGQ
196,https://www.youtube.com/watch?v=ZQI-dP5zewE
197,https://www.youtube.com/watch?v=4A_9oczGyrU
198,https://www.youtube.com/watch?v=f6dwpvriBT8
199,https://www.youtube.com/watch?v=8-xSeW3Rs4E
200,https://www.youtube.com/watch?v=RHXptj00V7s
201,https://www.youtube.com/watch?v=8Q_7OGpXlGs
202,https://www.youtube.com/watch?v=hk8NpSC2ulc
203,https://www.youtube.com/watch?v=HEhlgYaBPRU
204,https://www.youtube.com/watch?v=jy3h_eoGIBY
205,https://www.youtube.com/watch?v=1tzwUiGw-oc
206,https://www.youtube.com/watch?v=OGlaegz5gOU
207,https://www.youtube.com/watch?v=Lr37iJlbBLY
208,https://www.youtube.com/watch?v=VZ6wyGdNAg0
209,https://www.youtube.com/watch?v=mv6idOs3eLo
210,https://www.youtube.com/watch?v=BWvLjD1ZYJ8
211,https://www.youtube.com/watch?v=oWPYDO_aHtU
212,https://www.youtube.com/watch?v=XCEETlehhgY
213,https://www.youtube.com/watch?v=4x1r3885vVQ
214,https://www.youtube.com/watch?v=YlrLqbV6cac
215,https://www.youtube.com/watch?v=MnLCFYs_uDo
216,https://www.youtube.com/watch?v=deG-gSNDjQk
217,https://www.youtube.com/watch?v=1JB0Cz4UnoI
218,https://www.youtube.com/watch?v=bRyE7WXOlOg
219,https://www.youtube.com/watch?v=qBhKbWaICi0
220,https://www.youtube.com/watch?v=M1sCvSQSIOw
221,https://www.youtube.com/watch?v=GWpfWdi2Gx8
222,https://www.youtube.com/watch?v=sYqvABRwmSQ
223,https://www.youtube.com/watch?v=hGmmONnctyw
224,https://www.youtube.com/watch?v=KDgvbU9k3-o
225,https://www.youtube.com/watch?v=2iF66Xk1lHk
226,https://www.youtube.com/@ElPelucaMilei
